{"cameraMode":{"drawMode":0,"name":"Shaded","section":"Shading Mode"},"sceneLighting":false,"audioPlay":false,"sceneViewState":{"showFog":true,"showMaterialUpdate":false,"showSkybox":false,"showFlares":true,"showImageEffects":true,"showParticleSystems":true},"in2DMode":false,"pivot":{"x":0.17355215549468995,"y":0.11671984195709229,"z":-0.005225658416748047},"rotation":{"x":0.3993242383003235,"y":0.04534931108355522,"z":-0.01978318952023983,"w":0.9154843688011169},"size":7.379428863525391,"orthographic":false}