{"cameraMode":{"drawMode":0,"name":"Shaded","section":"Shading Mode"},"sceneLighting":false,"audioPlay":false,"sceneViewState":{"showFog":true,"showMaterialUpdate":false,"showSkybox":false,"showFlares":true,"showImageEffects":true,"showParticleSystems":true},"in2DMode":false,"pivot":{"x":19.982654571533204,"y":11.969392776489258,"z":-17.71918296813965},"rotation":{"x":0.3993242383003235,"y":0.04534931108355522,"z":-0.01978318952023983,"w":0.9154843688011169},"size":5.024478912353516,"orthographic":false}