{"cameraMode":{"drawMode":0,"name":"Shaded","section":"Shading Mode"},"sceneLighting":false,"audioPlay":false,"sceneViewState":{"showFog":true,"showMaterialUpdate":false,"showSkybox":false,"showFlares":true,"showImageEffects":true,"showParticleSystems":true},"in2DMode":false,"pivot":{"x":373.3497314453125,"y":151.8270721435547,"z":0.0},"rotation":{"x":0.3993242383003235,"y":0.04534931108355522,"z":-0.01978318952023983,"w":0.9154843688011169},"size":1654.9237060546875,"orthographic":false}